,,
,,17日〜22日
,,
,8:50:00,BLACK.mp4
,9:00:00,Tokyo500yesrs
,9:18:00,Care222
,9:19:35,WBC
,9:23:35,GlowOfTokyo
,9:28:50,
,9:32:00,SL4_20230315.mp4
,,
,9:40:00,Tokyo500yesrs
,9:58:00,Care222
,9:59:35,WBC
,10:03:35,GlowOfTokyo
,10:08:50,
,10:12:00,V4_20230315.mp4
,,
,10:20:00,Tokyo500yesrs
,10:38:00,Care222
,10:39:35,WBC
,10:43:35,GlowOfTokyo
,10:48:50,
,10:52:00,BS4_20230315.mp4
,,
,11:00:00,Tokyo500yesrs
,11:18:00,Care222
,11:19:35,WBC
,11:23:35,GlowOfTokyo
,11:28:50,
,11:32:00,SL4_20230315.mp4
,,
,11:40:00,Tokyo500yesrs
,11:58:00,Care222
,11:59:35,WBC
,12:03:35,GlowOfTokyo
,12:08:50,
,12:12:00,V4_20230315.mp4
,,
,12:20:00,Tokyo500yesrs
,12:38:00,Care222
,12:39:35,WBC
,12:43:35,GlowOfTokyo
,12:48:50,
,12:52:00,BS4_20230315.mp4
,,
,13:00:00,Tokyo500yesrs
,13:18:00,Care222
,13:19:35,WBC
,13:23:35,GlowOfTokyo
,13:28:50,
,13:32:00,SL4_20230315.mp4
,,
,13:40:00,Tokyo500yesrs
,13:58:00,Care222
,13:59:35,WBC
,14:03:35,GlowOfTokyo
,14:08:50,
,14:12:00,V4_20230315.mp4
,,
,14:20:00,Tokyo500yesrs
,14:38:00,Care222
,14:39:35,WBC
,14:43:35,GlowOfTokyo
,14:48:50,
,14:52:00,BS4_20230315.mp4
,,
,15:00:00,Tokyo500yesrs
,15:18:00,Care222
,15:19:35,WBC
,15:23:35,GlowOfTokyo
,15:28:50,
,15:32:00,SL4_20230315.mp4
,,
,15:40:00,Tokyo500yesrs
,15:58:00,Care222
,15:59:35,WBC
,16:03:35,GlowOfTokyo
,16:08:50,
,16:12:00,V4_20230315.mp4
,,
,16:20:00,Tokyo500yesrs
,16:38:00,Care222
,16:39:35,WBC
,16:43:35,GlowOfTokyo
,16:48:50,
,16:52:00,BS4_20230315.mp4
,,
,17:00:00,Tokyo500yesrs
,17:18:00,Care222
,17:19:35,WBC
,17:23:35,GlowOfTokyo
,17:28:50,
,17:32:00,SL4_20230315.mp4
,,
,17:40:00,Tokyo500yesrs
,17:58:00,Care222
,17:59:35,WBC
,18:03:35,GlowOfTokyo
,18:08:50,
,18:12:00,V4_20230315.mp4
,,
,18:20:00,Tokyo500yesrs
,18:38:00,Care222
,18:39:35,WBC
,18:43:35,GlowOfTokyo
,18:48:50,
,18:52:00,BS4_20230315.mp4
,,
,19:00:00,Tokyo500yesrs
,19:18:00,Care222
,19:19:35,WBC
,19:23:35,GlowOfTokyo
,19:28:50,
,19:32:00,SL4_20230315.mp4
,,
,19:40:00,Tokyo500yesrs
,19:58:00,Care222
,19:59:35,WBC
,20:03:35,GlowOfTokyo
,20:08:50,
,20:12:00,V4_20230315.mp4
,,
,20:20:00,Tokyo500yesrs
,20:38:00,Care222
,20:39:35,WBC
,20:43:35,GlowOfTokyo
,20:48:50,
,20:52:00,BS4_20230315.mp4
,,
,21:00:00,Tokyo500yesrs
,21:18:00,Care222
,21:19:35,WBC
,21:23:35,GlowOfTokyo
,21:28:50,
,21:32:00,SL4_20230315.mp4
,,
,21:40:00,Tokyo500yesrs
,21:58:00,Care222
,21:59:35,WBC
,22:03:35,GlowOfTokyo
,22:08:50,
,22:12:00,V4_20230315.mp4
,,
,22:20:00,Tokyo500yesrs
,22:38:00,Care222
,22:39:35,WBC
,22:43:35,GlowOfTokyo
,22:48:50,
,22:52:00,BS4_20230315.mp4
,23:00:00,BLACK.mp4